"ID_Recommandation","ID_Lieu","Titre","Description","Note_Generale"
"1","1","Panorama Historique","Visitez le Fort Santa Cruz pour une vue imprenable sur Oran.","4.7"
"2","2","Détente à Madagh","Journée plage et pique-nique.","4.5"
"3","3","Soirée Culturelle","Assistez à une pièce au théâtre régional.","4.6"
"4","4","Immersion Locale","Explorez le marché pour découvrir la culture locale.","4.2"
"5","5","Exploration de la Casbah","Balade dans les ruelles historiques.","4.8"
"6","6","Balade botanique","Visite des jardins et pause détente.","4.5"
"7","7","Vue et Spiritualité","Découvrez la basilique et sa vue.","4.7"
"8","8","Promenade en soirée","Marchez au bord de la mer au coucher du soleil.","4.6"
"9","9","Patrimoine Islamique","Visite de la mosquée de Sidi Boumediene.","4.6"
"10","10","Histoire en Ruines","Découverte des vestiges de Mansourah.","4.5"
"11","11","Nature à El Ourit","Randonnée jusqu’à la cascade.","4.7"
"12","12","Pause Café","Promenade urbaine et détente.","4.3"
"13","13","Vue sur Cap Carbon","Randonnée et photos sur les falaises.","4.8"
"14","14","Nature à Gouraya","Explorez le parc national.","4.6"
"15","15","Journée Plage à Tichy","Parfaite pour les familles.","4.4"
"16","16","Flânerie Historique","Balade dans la vieille ville.","4.3"
"17","17","Oasis de Timimoun","Explorez les paysages rouges.","4.7"
"18","18","Architecture Saharienne","Visite des ksour typiques.","4.6"
"19","19","Aventure dans le désert","Randonnée dans les dunes.","4.5"
"20","20","Souks et Artisanat","Achetez des objets locaux.","4.2"
"21","21","Magie de Taghit","Explorez les dunes et oasis.","4.8"
"22","22","Palmeraie Relaxante","Repos et fraîcheur sous les palmiers.","4.4"
"23","23","Patrimoine de Béni Abbès","Visitez le ksar traditionnel.","4.5"
"24","24","Soirée locale","Prenez un thé dans un café typique.","4.3"
